流歌,ﾙｶ
風愛莉,ﾌｱﾘ
日向,ﾋﾅﾀ
菜夏,ﾅﾅ
心寧,ｺｺﾈ
綺声,ｱﾔｾ
澪花,ﾚｲｶ
依世,ｲﾖ
清麗,ｷﾖﾗ
詩羽,ｳﾀ
柚実果,ﾕﾐｶ
華,ﾊﾅ
実莉,ﾐﾘ
理央音,ﾘｵﾈ
悠,ﾕｳ
采桜,ｻｷ
乃愛,ﾉｱ
生愛,ｾｲﾅ
杏梨,ｱﾝﾘ
彩美,ｱﾐ
明奏里,ｱｶﾘ
咲希,ｻｷ
花,ﾊﾅ
麻緒,ﾏｵ
みなみ,ﾐﾅﾐ
万葉香,ﾏﾖｶ
莉菜,ﾘﾅ
望来,ﾐﾗｲ
渚月,ﾅﾂｷ
るい,ﾙｲ
美桜,ﾐｵ
夏生,ﾅﾂｷ
心和,ｺｺﾅ
倖羽,ｺﾊﾈ
梨花,ﾘﾝｶ
あすみ,ｱｽﾐ
希,ﾉｿﾞﾐ
玲菜,ﾚﾅ
波南,ﾊﾅ
名歩,ﾅﾎ
彩永,ｱﾔﾅ
ナナ,ﾅﾅ
なつみ,ﾅﾂﾐ
優亜,ﾕｱ
桃那,ﾓﾅ
佳歩,ｶﾎ
玲来,ﾚｲﾗ
星祈,ｾｲ
あん,ｱﾝ
心温,ﾐｵﾝ
咲有,ｻﾕ
蒼衣,ｱｵｲ
一葉,ｲﾁﾊ
杏南,ｱﾝﾅ
野乃,ﾉﾉ
寿名,ｼﾞｭﾅ
未來,ﾐｸ
美紗,ﾐｲｼｬ
愛美,ﾏﾅﾐ
友梨,ﾕｳﾘ
蒼海,ｱｵｲ
鈴音,ﾘｵﾝ
萌杏,ﾓｱ
愛葉,ﾏﾅﾊ
ゆうな,ﾕｳﾅ
紗良,ｻﾗ
結香,ﾕｲｶ
はなこ,ﾊﾅｺ
莉乃,ﾘﾉ
梓,ｱｽﾞｻ
万結,ﾏﾕ
のん,ﾉﾝ
彩音,ｱﾔﾈ
埜乃,ﾉﾉ
さくら,ｻｸﾗ
栞,ｼｵﾘ
瑠南,ﾙﾅ
実彩,ﾐｻ
由依,ﾕｲ
紗楽,ｻﾗ
蘭,ﾗﾝ
知穂,ﾁﾎ
愛悠奈,ｱﾕﾅ
はる,ﾊﾙ
日恋,ﾆｺ
美來,ﾐﾗｲ
莉沙,ﾘｻ
梨音,ﾘｵﾝ
野々花,ﾉﾉｶ
結彩,ﾕｲ
那奈,ﾅﾅ
仁菜,ﾆﾅ
京伽,ｷｮｳｶ
柚衣,ﾕｲ
心海,ｺｺﾐ
暖日,ﾉﾝｶ
葉月,ﾊﾂﾞｷ
結倫愛,ﾕﾘｱ
心晴,ｺﾊﾙ
銘玉,ﾐｮｳｺ
円,ﾏﾄﾞｶ
杏奈,ｱﾝﾅ
友萌,ﾄﾓｴ
優乃,ﾕﾉ
愛子,ｱｲｺ
央都,ｵﾄ
沙亜耶,ｻｱﾔ
穂乃,ﾎﾉ
梨王南,ﾘｵﾅ
優空,ﾕﾗ
萌々花,ﾓﾓｶ
瑞希,ﾐｽﾞｷ
果凜,ｶﾘﾝ
遥花,ﾊﾙｶ
天咲,ｱｻ
柚奈,ﾕｽﾞﾅ
夢桜,ﾕﾗ
星来,ｾｲﾗ
ほのか,ﾎﾉｶ
希来莉,ｷﾗﾘ
鶴月,ﾂﾙｷﾞ
心愛,ｺﾉｱ
真生,ﾏｲ
世奈,ｾﾅ
遙,ﾊﾙｶ
楓夏,ﾌｳｶ
愛香,ｱｲｶ
晴香,ﾊﾙｶ
真瑚,ﾏｺ
ゆず,ﾕｽﾞ
菜純,ﾅｽﾞﾅ
結愛,ﾕｳｱ
桃奈,ﾓﾅ
陽万里,ﾋﾏﾘ
楓香,ﾌｳｶ
柑奈,ｶﾝﾅ
茉心,ﾏﾉ
千晶,ﾁｱｷ
雛星,ﾋﾅﾘ
恵以,ｹｲ
穂奏,ﾎﾉｶ
玲奈,ﾘｮｳﾅ
和奏,ﾜｶﾅ
一葉,ｶｽﾞﾊ
菜那,ﾅﾅ
百華,ﾓﾓｶ
雫,ｼｽﾞｸ
美月,ﾐﾂﾞｷ
玲,ﾚｲ
未羽,ﾐｳ
円花,ﾏﾄﾞｶ
咲子,ｻｷｺ
和果,ｱｲｶ
志帆,ｼﾎ
恵愛,ﾒｲ
美利優,ﾐﾘﾕ
優希乃,ﾕｷﾉ
悠南,ﾕﾅ
美羽菜,ﾐｳﾅ
海遥,ﾐﾊﾙ
彩稀,ｱﾔｷ
琴音,ｺﾄﾈ
六花,ﾘｯｶ
一樺,ｲﾁｶ
汐音,ｼｵﾝ
心々,ｺｺ
恋空,ｺｱ
琴奈,ｺﾄﾅ
海乃,ﾐﾉ
凜,ﾘﾝ
唯愛,ﾕｱ
かのん,ｶﾉﾝ
莉都,ﾘﾂﾞ
美香,ﾐｶ
雅姫,ﾏｻｷ
心優,ﾐﾕｳ
花梨,ｶﾘﾝ
絢音,ｱﾔﾈ
のの,ﾉﾉ
那菜,ﾅﾅ
杏,ｱﾝ
萌生,ﾒﾊﾞｴ
優栞,ﾕｶ
桃,ﾓﾓ
ひより,ﾋﾖﾘ
瀬奈,ｾﾅ
志優,ｼﾕｳ
杏月芭,ｱﾂﾞﾊ
桐子,ｷﾘｺ
夢花,ﾕﾒｶ
紗由菜,ｻﾕﾅ
琴望,ｺﾄﾐ
好花,ｺﾉｶ
音海,ﾈﾈ
真緒,ﾏｵ
彩羽,ｻﾜ
沙奈,ｻﾅ
咲月,ｻﾂｷ
みすず,ﾐｽｽﾞ
友紀菜,ﾕｷﾅ
美羽,ﾐｳ
真依,ﾏｲ
奈摘,ﾅﾂﾐ
桜奈,ﾗﾅ
千晴,ﾁﾊﾙ
心玲,ﾐﾚｲ
萌花,ﾓｴｶ
日葵,ﾋﾏﾘ
美咲,ﾐｻｷ
愛実,ｱｲﾐ
真琴,ﾏｺﾄ
紗季,ｻｷ
希生,ｷｵ
成未,ﾅﾙﾐ
彩日,ｱﾔｶ
絢心,ｱﾔﾐ
瑞奈,ﾐｲﾅ
亜美,ｱﾐ
新奈,ﾆｲﾅ
優羽,ﾕｳｱ
琴海,ｺﾄﾐ
有菜,ﾕﾅ
芽衣果,ﾒｲｶ
日和,ﾋﾖﾘ
ひかり,ﾋｶﾘ
真心子,ﾏﾐｺ
真奈,ﾏﾅ
美心,ﾐｺ
睦子,ﾁｶｺ
愛琉,ｱｲﾙ
美優,ﾐﾕ
空良,ｱｵ
凛乙,ﾘｸ
愛葉,ｱｲﾊ
優里,ﾕｳﾘ
幸子,ｻｷｺ
心菜,ｺｺﾅ
心月,ｼﾂﾞｷ
心遥,ﾐﾊﾙ
美輝,ﾐｷ
星愛,ﾙｱ
星菜,ｾﾅ
結,ﾕｲ
佑美,ﾕｳﾐ
柚珂,ﾕｽﾞｶ
侑希,ﾕｷ
小夏,ｺﾅﾂ
桃愛,ﾓﾓｴ
一花,ｲﾁｶ
清香,ｽｽﾞｶ
乃妃希,ﾅｲｷ
伶奈,ﾚﾅ
乃,ｶﾉ
璃子,ﾘｺ
来花,ﾗﾅ
茉奈,ﾏﾅ
久乃,ﾋｻﾉ
紬葵,ﾂﾑｷﾞ
なの葉,ﾅﾉﾊ
朋実,ﾄﾓﾐ
夢乃,ﾕﾒﾉ
那有,ﾅﾕ
千遥,ﾁﾊﾙ
妃咲,ﾋｻ
知世子,ﾁﾖｺ
菜未,ﾅﾐ
夢野,ﾕﾒﾉ
こはる,ｺﾊﾙ
妃那,ﾋﾅ
華野,ﾊﾅﾉ
奏音,ｶﾉﾝ
明音,ｱﾉﾝ
美波,ﾐﾅﾐ
さら,ｻﾗ
友利愛,ﾕﾘｱ
英真,ｴﾏ
絢香,ｱﾔｶ
華凛,ｶﾘﾝ
野花,ﾉﾉｶ
千夏,ﾁﾅﾂ
遥,ﾊﾙｶ
奏愛,ｿﾅ
紗矢,ｻﾔ
きりこ,ｷﾘｺ
小英,ｺﾊﾅ
日菜,ﾋﾅ
花音,ｶﾉﾝ
愛華,ｱｲｶ
千嬉,ﾁｷ
想,ｺｺﾛ
夏鈴,ｶﾘﾝ
陽依,ﾋﾖﾘ
爽,ｻﾜ
紗帆,ｻﾎ
優,ﾕｳ
天音,ｱﾏﾈ
まゆみ,ﾏﾕﾐ
心宥,ﾐﾕｳ
優俐菜,ﾕﾘﾅ
令佳,ﾚｲｶ
彩,ｻﾔ
百花,ﾓﾓｶ
心美,ｺｺﾐ
玲実,ﾚﾐ
真結,ﾏﾕ
春乃,ﾊﾙﾉ
釉乃,ﾕﾉ
七香,ﾅﾅｶ
結月,ﾕﾂﾞｷ
沙季,ｻｷ
菜々美,ﾅﾅﾐ
結衣,ﾕｲ
杜葉,ﾄﾜ
琉華,ﾙｶ
理花,ﾘｶ
瑞,ﾐｽﾞｷ
和々花,ﾅﾅﾊ
椰々子,ﾔﾔｺ
寧々,ﾈﾈ
侑奈,ﾕﾅ
明莉,ｱｶﾘ
来虹,ﾗﾆ
玲愛,ﾚｱ
瑠海,ﾙｶ
倫子,ﾄﾓｺ
舞桜,ﾏｵ
花菜,ﾊﾅ
悠希菜,ﾕｷﾅ
和来,ﾜｸ
桃果,ﾓﾓｶ
優里菜,ﾕﾘﾅ
知佳,ﾄﾓｶ
実来,ﾐｸ
琴心,ｺﾄﾐ
暖愛,ﾉｱ
咲良,ｻｸﾗ
杏月,ｱﾂﾞｷ
真央,ﾏｵ
彩,ｱﾔ
紅愛,ｸﾚｱ
玲香,ﾚｲｶ
月乃,ﾂｷﾉ
彩愛,ｻﾗ
桜,ｻｸﾗ
蒼空,ｿﾗ
ここね,ｺｺﾈ
仁心,ﾆｺ
日咲,ﾋｻｷ
美來,ﾐｸ
葵椛,ｷｶ
南実,ﾐﾅﾐ
絢菜,ｱﾔﾅ
若葉,ﾜｶﾊﾞ
南智,ﾅﾁ
実咲,ﾐｻｷ
幸芽,ｺｳﾒ
恵里花,ｴﾘｶ
花凛,ｶﾘﾝ
美空,ﾐｸ
あかり,ｱｶﾘ
結奈,ﾕｲﾅ
璃音,ﾘｵ
夏華,ﾅﾂﾊ
美蒼乃,ﾐｿﾉ
心誓,ｼﾁｶ
優花,ﾕｶ
胡万智,ｺﾏﾁ
樹音,ｼﾞｭﾈ
あおい,ｱｵｲ
朱音,ｱｶﾈ
桃花,ﾓﾓｶ
美希,ﾐｷ
理央,ﾘｵ
みやび,ﾐﾔﾋﾞ
千佳,ﾁｶ
真白,ﾏｼﾛ
芽衣,ﾒｲ
真歩,ﾏﾎ
咲帆,ｻｷﾎ
梨子,ﾘｺ
莉帆,ﾘﾎ
結菜,ﾕﾅ
愛笑,ﾏﾅｴ
心都,ﾊｱﾄ
真菜,ﾏﾅ
麗奈,ﾚｲﾅ
万智子,ﾏﾁｺ
玲奈,ﾚｲﾅ
琉菜,ﾙﾅ
ひな,ﾋﾅ
瞳,ﾋﾄﾐ
夏妃,ﾅﾂｷ
実怜,ﾐｻﾄ
莱璃,ﾗｲﾘ
るな,ﾙﾅ
栞里,ｼｵﾘ
未夕,ﾐﾕ
志乃,ｼﾉ
にこ,ﾆｺ
帆乃香,ﾎﾉｶ
莉奈,ﾘﾅ
優奈,ﾕｳﾅ
礼菜,ﾚｲﾅ
希衣,ｷｲ
麻央,ﾏｵ
音寧,ﾈﾈ
地央,ﾁﾋﾛ
裕衣,ﾕｲ
優月,ﾕﾂﾞｷ
麻里奈,ﾏﾘﾅ
佑奈,ﾕｳﾅ
帆香,ﾎﾉｶ
珂璃那,ｶﾘﾅ
未采,ﾐｺﾄ
琴子,ｺﾄﾈ
海優,ﾐﾕｳ
郁奈,ﾌﾐﾅ
望叶,ﾓｶ
茉優,ﾏﾕ
愛花,ﾏﾅｶ
惺子,ｻﾄｺ
佳奈,ｶﾅ
夢,ﾕﾒ
蒼依,ｱｵｲ
涼香,ﾘｮｳｶ
ひまり,ﾋﾏﾘ
紗希,ｻｷ
愛侑,ｱｲﾕ
愛留,ｱｲﾙ
希來,ｷｸ
穂希香,ﾎﾉｶ
莉緒,ﾘｵ
彩乃,ｱﾔﾉ
暖來春,ｱﾛﾊ
心,ｺｺﾛ
諒,ﾏｺﾄ
優衣,ﾕｲ
美佳,ﾐｶ
舞華,ﾏｲｶ
朋未,ﾄﾓﾐ
実生,ﾐｵ
愛来,ｱｲﾗ
奈都子,ﾅﾂｺ
望生,ﾐｳ
希風,ﾉﾉｶ
夏音,ﾅﾂﾈ
凪彩,ﾅｷﾞｻ
麗紗,ﾚｲｻ
希夢,ﾉｿﾞﾐ
花奏,ｶﾅﾃﾞ
舞,ﾏｲ
明華,ﾒｲｶ
蒼菜,ｿﾅ
和瑚,ﾜｺ
笑衣,ｴﾐﾘ
心陽,ｺﾉﾊ
心響,ｼｵﾝ
采子,ｱｺ
嘉穂,ｶﾎ
凛,ﾘﾝ
萌生,ﾒｲ
楓,ｶｴﾃﾞ
莉由,ﾚｲﾕ
眞和,ﾏﾅ
羽留,ﾊﾙ
葵,ｱｵｲ
愛良,ｱｲﾗ
優依,ﾕｲ
美玲,ﾐﾚｲ
紗和,ｻﾜ
南菜,ﾅﾅ
咲,ｻｷ
純佳,ｱﾔｶ
友棉,ﾕﾒ
咲夢,ｻﾕ
奏波,ｶﾅﾊ
日乃,ﾋﾉ
可夏子,ｶﾅｺ
美和,ﾐﾜ
美由紀,ﾐﾕｷ
未来,ﾐｸ
琴葉,ｺﾄﾊ
千都,ﾁﾋﾛ
怜未,ﾚﾐ
七海,ﾅﾅﾐ
紗希子,ｻｷｺ
仁香,ﾆｺ
優和,ﾕﾅ
那々子,ﾅﾅｺ
綾音,ｱﾔﾈ
寧音,ﾈﾈ
慧和,ｻﾄﾅ
愛菜,ｱｲﾅ
陽菜,ﾊﾙﾅ
瑞葵,ﾐｽﾞｷ
花子,ﾊﾅｺ
咲綺,ｻｷ
紗奈,ｻﾅ
莉美,ﾘﾐ
くるみ,ｸﾙﾐ