匠人,ﾀｸﾄ
陽星,ﾖｳｾｲ
季羽沙,ｷｳｻ
大馳,ﾀﾞｲﾁ
蒼真,ｿｳﾏ
将希,ﾏｻｷ
威吹,ｲﾌﾞｷ
生望,ｲｸﾐ
響瑚,ｷｮｳｺﾞ
大湖,ﾀﾞｲｺﾞ
拓哉,ﾀｸﾔ
桂央,ｹｲﾋｻ
恵梧,ｹｲｺﾞ
悠月,ﾕﾂﾞｷ
悠海,ﾕｳ
流生,ﾙｲ
春,ﾊﾙ
拓馬,ﾀｸﾏ
宗志,ｿｳｼ
一平,ｲｯﾍﾟｲ
兵伍,ﾋｮｳｺﾞ
紀貴,ｶｽﾞｷ
泰世,ﾀｲｾｲ
夢丸,ﾕﾒﾏﾙ
光汰,ｺｳﾀ
愛斗,ｱｲﾄ
奏都,ｶﾅﾄ
拓也,ﾀｸﾔ
月人,ﾗｲﾄ
凌央,ﾘｵ
晄翔,ｱｷﾄ
優輝,ﾕｳｷ
周輔,ｼｭｳｽｹ
伯,ﾊｸ
篤司,ｱﾂｼ
翔唯,ｶｲ
謙斗,ｹﾝﾄ
歩真,ｱﾕﾏ
旭彦,ｱｷﾋｺ
裕輝,ﾋﾛｷ
琉星,ﾘｭｳｾｲ
生真,ｼｮｳﾏ
京大朗,ｹｲﾀﾛｳ
一馬,ｶｽﾞﾏ
篤志,ｱﾂｼ
創,ｿｳ
月音,ｶﾉﾝ
龍空,ﾘｭｳｸ
祐伍,ﾕｳｺﾞ
礼響,ﾚｵﾝ
優太郎,ﾕｳﾀﾛｳ
綾真,ﾘｮｳﾏ
彪峨,ﾋｭｳｶﾞ
拓,ﾀｸ
平和,ﾋﾗｸ
杏,ｺｳ
寛大,ﾋﾛﾄ
槇之助,ｼﾝﾉｽｹ
楓雅,ﾌｳｶﾞ
大駕,ﾀｲｶﾞ
佑京,ｳｷｮｳ
奈央人,ﾅｵﾄ
悠輔,ﾕｳｽｹ
貫二,ｶﾝｼﾞ
佑羽,ﾕｳ
渓斗,ｹｲﾄ
大獅,ﾀｲｼ
栞大,ｶﾝﾀ
辰弥,ﾀﾂﾔ
優,ﾕｳ
琉翔,ﾘｭｳｼｮｳ
佑真,ﾕｳﾏ
蓮人,ﾚﾝﾄ
幸太郎,ｺｳﾀﾛｳ
暉史,ｱｷﾄ
蓮太郎,ﾚﾝﾀﾛｳ
康介,ｺｳｽｹ
龍ノ介,ﾘｭｳﾉｽｹ
賢汰,ｹﾝﾀ
晴翔,ﾊﾙﾄ
卓磨,ﾀｸﾏ
多聞,ﾀﾓﾝ
俊弥,ｼｭﾝﾔ
直幹,ﾅｵｷ
優茉,ﾕｳﾏ
陸希,ﾑﾂｷ
敬士,ｹｲｼ
健翔,ｹﾝﾄ
凜併,ﾘﾝﾍﾟｲ
千空,ｾﾗ
渚,ﾅｷﾞｻ
敢大,ｶﾝﾀ
凜玖,ﾘﾝｸ
奏人,ｶﾅﾄ
祐斗,ﾕｳﾄ
源斗,ｹﾞﾝﾄ
蓮太朗,ﾚﾝﾀﾛｳ
智也,ﾄﾓﾔ
真大,ﾏﾋﾛ
陽心,ﾊﾙ
夢,ﾗｲﾑ
雅史,ﾏｻﾌﾐ
晴喜,ﾊﾙｷ
哲朗,ﾃﾂﾛｳ
琉惺,ﾘｭｳｾｲ
夢生,ﾕｵ
晃成,ｺｳｾｲ
晃弘,ｱｷﾋﾛ
成聖,ﾅﾙｷﾖ
亮太朗,ﾘｮｳﾀﾛｳ
辰太郎,ｼﾝﾀﾛｳ
恕平,ｼﾞｮﾍｲ
裕哉,ﾕｳﾔ
智星,ﾁｾｲ
空羽,ｸｳﾊ
宗光,ﾑﾈﾐﾂ
颯甫,ｿｳｽｹ
岳大,ﾀｹﾋﾛ
柊翔,ｼｭｳﾄ
快流,ｶｲﾘ
稜大,ﾘｮｳﾀ
頼哉,ﾗｲﾔ
修摩,ｼｭｳﾏ
爽志,ｿｳｼ
真陽,ﾏﾋﾛ
奏楽,ｶｸﾞﾗ
健伸,ｹﾝｼﾝ
俊彦,ﾄｼﾋｺ
玲斗,ﾚｲﾄ
愛叶,ﾏﾅﾄ
青空,ｱｸｾ
元暉,ｹﾞﾝｷ
光瑠,ﾋｶﾙ
虎之助,ﾄﾗﾉｽｹ
郁,ﾕｳｷ
由雅,ﾕｳｶﾞ
篤生,ｱﾂｷ
夏偉,ｶｲ
大将,ﾀﾞｲｽｹ
泰聖,ﾀｲｾｲ
蓮音,ﾚｵﾝ
大楽,ｵｵﾗ
悠暉,ﾕｳｷ
律希,ﾘﾂｷ
竜斗,ﾘｭｳﾄ
泰河,ﾀｲｶﾞ
天太,ﾃﾝﾀ
達大,ﾀﾂﾋﾛ
心,ｼﾝ
尚輝,ﾅｵｷ
洸斗,ﾋﾛﾄ
耕達,ｺｳﾀﾂ
颯大,ｿｳﾀﾞｲ
漣,ﾚﾝ
槙人,ﾏｷﾄ
明人,ｱｷﾄ
亜沙斗,ｱｻﾄ
空澄,ｱｽﾞ
汰朗,ﾀﾛｳ
耕之介,ｺｳﾉｽｹ
大翔,ﾋﾛﾄ
啓太,ｹｲﾀ
克成,ｶﾂﾅﾘ
晋作,ｼﾝｻｸ
昌英,ｼｮｳｴｲ
凱音,ｶｲﾄ
平蔵,ﾍｲｿﾞｳ
奏汰,ｿｳﾀ
裕仁,ﾕｳﾄ
柾希,ﾏｻｷ
裕真,ﾕｳﾏ
颯弥,ｿｳﾔ
佑太,ﾕｳﾀ
維杜,ﾕｲﾄ
昊志朗,ｺｳｼﾛｳ
剛琉,ﾀｹﾙ
聡祐,ｿｳｽｹ
壱星,ｲｯｾｲ
彰斗,ｱｷﾄ
明仁,ｱｷﾋﾄ
一翔,ｶｹﾙ
幌,ｱｷﾗ
勇太,ﾕｳﾀ
望,ﾉｿﾞﾐ
徳帆,ﾄｸﾎ
響介,ｷｮｳｽｹ
聖之介,ｾｲﾉｽｹ
吉哉,ﾖｼﾔ
祐太,ﾕｳﾀ
泰叶,ﾀｲﾄ
淳平,ｼﾞｭﾝﾍﾟｲ
航介,ｺｳｽｹ
快,ｶｲ
聖央,ｾﾅ
達成,ﾀﾂﾅﾘ
誠太郎,ｾｲﾀﾛｳ
一真,ｶｽﾞﾏ
裕貴,ﾋﾛｷ
柾,ﾏｻｷ
逞生,ﾀｸﾐ
雷夏,ﾗｲｶﾞ
玲哉,ﾚｲﾔ
翔琳,ｶｲﾘ
悠透,ﾊﾙﾄ
蒼志,ｿｳｼ
玖羽,ｸｳﾊ
駿弥,ｼｭﾝﾔ
遥空,ﾊﾙｸ
煌大,ｺｳﾀﾞｲ
拓海,ﾀｸﾐ
亮牙,ﾘｮｳｶﾞ
大悟,ﾀﾞｲｺﾞ
竜之介,ﾘｭｳﾉｽｹ
開,ｶｲ
一輝,ﾋﾄｷ
淳希,ｱﾂｷ
夷久磨,ｲｸﾏ
駿斗,ﾊﾔﾄ
愛将,ﾏﾅﾄ
奏斗,ｶﾅﾄ
心人,ｼﾝﾄ
陽色,ﾋｲﾛ
亜簾,ｱﾚﾝ
功弥,ｺｳﾔ
旺晟,ｵｳｾｲ
巧,ﾀｸﾐ
脩大,ｼｭｳﾀﾞｲ
海,ｳﾐ
瑞生,ﾐｽﾞｷ
大門,ﾀﾓﾝ
雄介,ﾕｳｽｹ
駿一,ｼｭﾝｲﾁ
翔悟,ｼｮｳｺﾞ
祐大,ﾁﾋﾛ
匠海,ﾀｸﾐ
叶人,ｶﾅﾄ
光紀,ｺｳｷ
咲太,ｻｸﾀ
大梧,ﾀﾞｲｺﾞ
煌基,ｺｳｷ
蒼汰郎,ｿｳﾀﾛｳ
陽滉,ﾊﾙｱｷ
紫月,ｼﾂﾞｷ
理音,ﾘｵﾝ
勇輔,ﾕｳｽｹ
渉,ｱﾕﾑ
大陸,ﾘｸ
誠士郎,ｾｲｼﾞﾛｳ
佑哉,ﾕｳﾔ
蒼陽,ｿｳﾔ
宙紀,ﾋﾛｷ
遊行,ﾕｱﾝ
幸翔,ﾕｷﾄ
一輝,ｶｽﾞｷ
虎之介,ﾄﾗﾉｽｹ
俊太郎,ｼｭﾝﾀﾛｳ
世凪,ｾﾅ
虎太朗,ｺﾀﾛｳ
啓大,ｹｲﾀ
魁士,ｶｲｼﾞ
青,ｾｲ
琉心,ﾘｭｳｼﾝ
樹矢,ﾐｷﾔ
慶悟,ｹｲｺﾞ
惠介,ｹｲｽｹ
泰宏,ﾔｽﾋﾛ
満貴,ﾐﾂｷ
歩蓮,ｱﾚﾝ
康平,ｺｳﾍｲ
太智,ﾀｲﾁ
和生,ｶｽﾞｷ
悠歳,ﾕｳｾｲ
隼平,ｼｭﾝﾍﾟｲ
龍生,ﾘｭｳｾｲ
歩都,ﾕｷﾄ
央士,ｵｳｼ
武蔵,ﾑｻｼ
輝瀧,ｷﾘｭｳ
晴,ﾊﾙ
吏輝,ﾘｸ
泉吹,ｲﾌﾞｷ
伊織,ｲｵﾘ
聡和,ｿｳﾜ
文哉,ﾌﾐﾔ
來翔,ﾗｲﾄ
真人,ﾏｻﾄ
意差,ｲｯｻ
悠,ﾊﾙ
悠輝,ﾕｳｷ
心煌,ｼｵﾝ
峻介,ｼｭﾝｽｹ
盟,ﾒｲ
篤樹,ｱﾂｷ
翔汰,ｼｮｳﾀ
蒼稀,ｿｳｷ
友敬,ﾕﾀｶ
太雲,ﾀｸﾓ
駿乃介,ｼｭﾝﾉｽｹ
晴至,ｾｲｼﾞ
壬一,ｼﾞﾝｲﾁ
悠雅,ﾕｳｶﾞ
夢生,ｲﾌﾞｷ
大暉,ﾋﾛｷ
開理,ｶｲﾘ
利央,ﾘｵ
怜生,ﾚｲ
汀稀,ﾅｷﾞ
琥珀,ｺﾊｸ
俊太,ｼｭﾝﾀ
愛琉,ｱｲﾙ
晃,ﾋｶﾙ
基,ﾓﾄｲ
恵翔,ｹｲﾄ
成輝,ﾅﾙｷ
蒼介,ｿｳｽｹ
峻樹,ﾄｼｷ
裕心,ﾕｳｼﾝ
悠翔,ﾊﾙﾄ
直道,ﾅｵﾐﾁ
仰良,ｱｵｲ
政志,ﾏｻｼ
向規,ｺｳｷ
爽流,ｿｳﾙ
翠快,ｽｶｲ
聡助,ｿｳｽｹ
悠生,ﾕｳｾｲ
伶太,ﾚｵ
煉,ﾚﾝ
颯太朗,ｿｳﾀﾛｳ
維伸,ｲｯｼﾝ
洸心,ｺｳｼﾝ
大豪,ﾀｲｺﾞ
駿太,ｼｭﾝﾀ
麗斗,ﾚｲﾄ
琉衣,ﾙｲ
幾海,ｲｸﾐ
継信,ﾂｸﾞﾉﾌﾞ
恒知,ﾋｻﾄﾓ
悠樹,ﾊﾙｷ
太羅,ﾀｲﾗ
珠吏,ｼｭﾘ
暖,ﾀﾞﾝ
蒼汰,ｿｳﾀ
匠生,ｼｮｳｷ
凱惺,ｶｲｾｲ
瑛斗,ｱｷﾄ
旺汰,ｵｳﾀ
義之,ﾖｼﾕｷ
慶翔,ｹｲﾄ
瑠来,ﾙｲ
直太郎,ﾅｵﾀﾛｳ
太郎,ﾀﾛｳ
凱,ｳﾀﾀ
悠矢,ﾕｳﾔ
翔愛,ﾄｱ
悠哉,ﾊﾙﾔ
隆誠,ﾘｭｳｾｲ
旺雅,ｵｳｶﾞ
立樹,ﾘﾂｷ
啓運,ｹｲｳﾝ
大征,ﾀｲｾｲ
好希,ｺｳｷ
広幸,ﾋﾛﾕｷ
遥太,ﾊﾙﾀ
僚,ﾘｮｳ
航太,ｺｳﾀ
瞭太,ﾘｮｳﾀ
澄真,ﾄｳﾏ
陸仁,ﾘｸﾄ
巧大,ｺｳﾀﾞｲ
飛羽,ﾄﾜ
悠大,ﾕｳﾏ
文隆,ﾌﾐﾀｶ
丈瑠,ﾀｹﾙ
大尚,ﾋﾛﾀｶ
優希,ﾕｳｷ
耀介,ﾖｳｽｹ
優和,ﾕｳﾄ
涼介,ﾘｮｳｽｹ
勢太郎,ｾｲﾀﾛｳ
聖大,ｾｵ
奏,ｶﾅﾃﾞ
恭大,ﾐﾂｷ
寿以喜,ｼﾞｭｲｷ
広崇,ｺｳﾀ
寿人,ﾋｻﾄ
昂弥,ｺｳﾔ
光貴,ﾐﾂｷ
操汰,ｿｳﾀ
俊太朗,ｼｭﾝﾀﾛｳ
奏介,ｿｳｽｹ
雄飛,ﾕｳﾋ
瑠偉音,ﾙｲｵﾝ
修輔,ｼｭｳｽｹ
健琉,ﾀｹﾙ
雄也,ﾕｳﾔ
勇多,ﾕｳﾀ
琉輝,ﾘｭｳｷ
光琉,ﾋｶﾙ
侑己,ﾕｳｷ
央佑,ｵｳｽｹ
優羽,ﾕｳ
泰雅,ﾀｲｶﾞ
蒼太,ｿｳﾀ
柚,ﾕｽﾞﾙ
蓮斗,ﾊｽﾄ
一心,ｲｯｼﾝ
源太,ｹﾞﾝﾀ
昊,ｿﾗ
天茶,ｲｯｻ
惟定,ﾉﾌﾞｻﾀﾞ
裕夢,ﾋﾛﾑ
海秀,ｶｲｼｭｳ
翼希,ﾀｽｷ
煌星,ｺｳｾｲ
怜,ﾚｲ
孝太,ｺｳﾀ
航朗,ｶｽﾞｱｷ
歩翔,ｱﾕﾄ
劉心,ﾘｭｳｼﾝ
光希,ﾐﾂｷ
蒼弥,ｿｳﾔ
昇成,ｼｮｳｾｲ
弘貴,ｺｳｷ
優之心,ﾕｳﾉｼﾝ
徹志,ﾃﾂｼﾞ
康慎,ｺｳｼﾝ
陸斗,ﾘｸﾄ
元,ｹﾞﾝ
雄大,ﾕｳﾀﾞｲ
覇迦,ﾊｸｶﾞ
陽音,ﾊﾙﾄ
和寛,ｶｽﾞﾋﾛ
洸太,ｺｳﾀ
寛和,ﾋﾛｶｽﾞ
将夫,ﾏｻｵ
陽向,ﾋﾅﾀ
颯,ﾊﾔﾄ
蘭斗,ﾗﾝ
伊吹,ｲﾌﾞｷ
晄生,ｺｳｾｲ
将大,ﾏｻﾋﾛ
充琉,ﾐﾁﾙ
晃希,ｺｳｷ
奏多,ｿｳﾀ
真成,ｼﾝｾｲ
昴煌,ﾀｶｱｷ
星,ｾｲ
翔馴,ｶｲﾝ
渚吾,ｼｮｱ
直輝,ﾅｵｷ
洸太郎,ｺｳﾀﾛｳ
志貴,ﾕｷﾀｶ
蒼斗,ｱｵﾄ
健太郎,ｹﾝﾀﾛｳ
絢太,ｼﾞｭﾝﾀ
稜司,ﾘｮｳｼﾞ
正太郎,ｼｮｳﾀﾛｳ
侑典,ﾕｳｽｹ
優喜,ﾕｳｷ
利玖斗,ﾘｸﾄ
煌稀,ｺｳｷ
和,ﾔﾏﾄ
司,ﾂｶｻ
伶哉,ﾚｲﾔ
楽空,ｶﾞｸ
秀斗,ﾋﾃﾞﾄ
講一郎,ｺｳｲﾁﾛｳ
亮汰,ﾘｮｳﾀ
知,ﾄﾓ
誉人,ﾖﾋﾄ
悠陽,ﾕｳﾋ
虹陽,ﾆｼﾞﾋ
壯,ｿｳ
圭悟,ｹｲｺﾞ
海翔,ｶｲﾄ
宝良,ﾀｶﾗ
泰我,ﾀｲｶﾞ
漱一,ｼｭｳｲﾁ
隆太郎,ﾘｭｳﾀﾛｳ
陽翔,ﾊﾙﾄ
達己,ﾀﾂｷ
遼真,ﾘｮｳﾏ
和樹,ｶｽﾞｷ
丈琉,ﾀｹﾙ
晃大,ｺｳﾀﾞｲ
陽登,ﾊﾙﾄ
大樹,ﾀｲｼﾞｭ
周真,ｼｭｳﾏ
驍,ﾀｹﾙ
勝真,ｶﾂﾏ
然,ｾﾞﾝ
健,ｹﾝ
圭輔,ｹｲｽｹ
笙ノ介,ｼｮｳﾉｽｹ
充希,ｱﾂｷ
純,ｼﾞｭﾝ
清流,ｷﾖﾙ
覚斗,ｵｸﾄ
澪生,ﾚｵ
将,ﾀｽｸ
絢翔,ｱﾔﾄ
凌大,ﾘｮｳﾀ
裕,ﾕｳ
遼,ﾘｮｳ
蓮平,ﾚﾝﾍﾟｲ
聖生,ｾｲ
俊之佑,ｼｭﾝﾉｽｹ
渉真,ｼｮｳﾏ
征寛,ｾｲｶﾝ
雅樹,ﾏｻｷ
遙斗,ﾊﾙﾄ
双葉,ﾌﾀﾊﾞ
羚蒼,ﾚｱ
龍星,ﾘｭｳｾｲ
空希,ｿﾗ
和希,ｶｽﾞｷ
昊紀,ｺｳｷ
舞飛,ﾏｲﾄ
響,ﾋﾋﾞｷ
良汰,ﾘｮｳﾀ
快晴,ｶｲｾｲ
桂太朗,ｹｲﾀﾛｳ
蒼大,ｿｳﾀ
広翔,ﾋﾛﾄ
一瑳,ｲｯｻ
櫂夷,ﾄｳｲ
佳祐,ｹｲｽｹ
敬二郎,ｹｲｼﾞﾛｳ
凛,ﾘﾝ
景大,ｹｲﾀ
祥瑛,ｼｮｳｴｲ
亘,ﾜﾀﾙ
澄人,ｽﾐﾄ
蔵之助,ｸﾗﾉｽｹ
壮太,ｿｳﾀ
結太郎,ﾕｳﾀﾛｳ
晴太,ﾊﾙﾀ
啓寬,ｹｲｶﾝ
賀久,ｶﾞｸ
陸徒,ﾘｸﾄ
駿樹,ｼｭﾝｷ
航汰,ｺｳﾀ
湊真,ｿｳﾏ
嵩大,ｺｳﾀﾞｲ
裕馬,ﾕｳﾏ
暁也,ﾄｼﾔ
宏弥,ﾋﾛﾔ
喜悠,ﾊﾙﾁｶ
梓太,ｱｽﾞﾄ
源大,ｹﾞﾝﾀ
一誠,ｲｯｾｲ
琢,ﾀｸ
新,ｱﾗﾀ
泰斗,ﾀｲﾄ
拓磨,ﾀｸﾏ
遥翔,ﾊﾙﾄ
莉徠,ﾘｸ
瑠壱,ﾙｲ
悠仁,ﾕｳｼﾞﾝ
翔琉,ｶｹﾙ
青空,ｿﾗ
夢叶,ﾕｳﾄ
朋大,ﾕｳﾀﾞｲ
侑,ﾕｳ
陽斗,ﾊﾙﾄ
空,ｿﾗ
直歩,ﾅｵ
未蘭,ﾐﾗﾝ
徳之,ﾉﾘﾕｷ
暖幸,ﾊﾙﾕｷ
琉翔,ﾙｶ
映太,ｴｲﾀ
一磨,ｶｽﾞﾏ
寛太,ｶﾝﾀ
雄翔,ﾕｳﾄ
颯太,ｿｳﾀ
優斗,ﾋﾛﾄ
累,ﾙｲ
太陽,ﾀｲﾖｳ
世那,ｾﾅ
藍斗,ｱｲﾄ
涼太,ﾘｮｳﾀ
啓人,ﾋﾛﾄ
拓真,ﾀｸﾏ
淳稀,ｱﾂｷ
隼汰朗,ｼｭﾝﾀﾛｳ
紘太朗,ｺｳﾀﾛｳ
瑛太,ｴｲﾀ
渡塁,ﾜﾀﾙ
修斗,ｼｭｳﾄ
航,ﾜﾀﾙ
晴悠,ﾊﾙﾋｻ
隼士,ﾊﾔﾄ
直人,ﾅｵﾄ
煌雅,ｺｳｶﾞ
紘起,ﾋﾛｷ
奏輝,ｿｳｷ
倖迅,ｺｳｼﾝ
凜太朗,ﾘﾝﾀﾛｳ
渡,ﾜﾀﾙ
大雅,ﾀｲｶﾞ
和暉,ｶｽﾞｷ
蒼央,ｱｵｲ
順哉,ｼﾞｭﾝﾔ
暉琉,ｷﾘｭｳ
隆成,ﾘｭｳｾｲ
晴渚,ｾﾅ
亮太,ﾘｮｳﾀ
健介,ｹﾝｽｹ
誠将,ﾏﾅﾄ
一樹,ｲﾂｷ
弘太郎,ｺｳﾀﾛｳ
叶恩,ﾄｵﾝ
碧唯,ｱｵｲ
靖記,ﾔｽﾄ
陽貴,ﾊﾙｷ
唯星,ｲｯｾｲ
桜輔,ｵｳｽｹ
英資,ｴｲｽｹ
凌汰,ﾘｮｳﾀ
敢太,ｶﾝﾀ
瑛司,ｴｲｼﾞ
龍也,ﾘｭｳﾔ
輝,ﾋｶﾙ
尚真,ｼｮｳﾏ
琉生,ﾙｲ
希愛,ｹｲﾄ
小獅郎,ｺｼﾞﾛｳ
佳樹,ﾖｼｷ
颯志,ｿｳｼ
綾人,ｱﾔﾄ
純也,ｼﾞｭﾝﾔ
天,ﾃﾝ
昊平,ｺｳﾍｲ
翔平,ｼｮｳﾍｲ
凛人,ﾘﾝﾄ
永遠,ﾄﾜ
悠真,ﾊﾙﾏ
広雅,ｺｳｶﾞ
潤希,ﾋﾛｷ
永騎,ﾊﾙｷ
瑛心,ｴｲｼﾝ
穂希,ﾎﾏﾚ
寛也,ﾋﾛﾔ
賢大,ｹﾝﾀ
友郎,ﾄﾓﾛｳ
有大,ﾕｳﾀﾞｲ
樹暉,ｲﾂｷ
海生,ｶｲ
有希,ﾕｳｷ
寛人,ｶﾝﾄ
義都,ﾖｼﾄ
隆翔,ﾘｭｳﾄ
望歩,ﾉｱ
蓮珠,ﾚﾝｼﾞｭ
惟月,ｲﾂｷ
裕人,ﾋﾛﾄ
飛介,ﾋｶｲ
龍人,ﾘｭｳﾄ
航琉,ﾜﾀﾙ
綾大,ﾘｮｳﾀ
貴継,ﾀｶﾂｸﾞ
尚哉,ﾅｵﾔ
一陽,ｶｽﾞﾋ
わたる,ﾜﾀﾙ
大斗,ｱｷﾄ
拓弥,ﾀｸﾔ
蓮翔,ﾚﾝﾄ
唯人,ﾕｲﾄ
悠人,ﾕｳﾄ
掴夢,ﾂｶﾑ
悠誠,ﾕｳｾｲ
日向,ﾋｭｳｶﾞ
正幸,ﾏｻﾕｷ
結平,ﾕｳﾍｲ
隆辰,ﾘｭｳﾀﾂ
光徠,ﾐｸﾙ
昊世,ｺｳｾｲ
恵多,ｹｲﾀ
尚幸,ﾋｻﾕｷ
夢雄生,ｲﾌﾞｷ
歩峰,ﾎﾀﾞｶ
蘭丸,ﾗﾝﾏﾙ
侑和,ﾕｳﾄ
奈誠,ﾀｲｾｲ
康太,ｺｳﾀ
育哉,ｲｸﾔ
怜,ﾚﾝ
光仁,ﾐﾂﾋﾄ
遥輝,ﾊﾙｷ
空跳,ｿﾗﾄ
笙太郎,ｼｮｳﾀﾛｳ
憲紳,ｹﾝｼﾝ
優貴,ﾕｷ
聖太,ｼｮｳﾀ
和雅,ﾄｼﾔ
諒,ﾘｮｳ
亮多,ﾘｮｳﾀ
理澄,ﾘｽﾞﾑ
凌久,ﾘｸ
優輔,ﾕｳｽｹ
龍之介,ﾘｭｳﾉｽｹ
瑞希,ﾐｽﾞｷ
蒼,ｱｵｲ
煌希,ｺｳｷ
颯介,ｿｳｽｹ
希,ﾉｿﾞﾐ
実徳,ﾐﾉﾘ
大地,ﾀﾞｲﾁ
優介,ﾕｳｽｹ
廉,ﾚﾝ
淳志,ｱﾂｼ
麗音,ﾚｵﾝ
叶音,ｶﾅﾄ
璃羽,ﾘｳ
琉乃介,ﾘｭｳﾉｽｹ
翔晟,ｼｮｳｾｲ
翔,ｼｮｳ
太希留,ﾀｹﾙ
大夢,ﾋﾛﾑ
瑠輝亜,ﾙｷｱ
遥斗,ﾊﾙﾄ
遥貴,ﾊﾙｷ
岳史,ﾀｹｼ
颯廷,ﾊﾔﾃ
翔惺,ｼｮｳｾｲ
遥希,ﾊﾙｷ
怜修,ﾚｵ
陽,ﾊﾙ
颯翔,ﾊﾔﾄ
智晴,ﾄﾓﾊﾙ
楓,ｶｴﾃﾞ
凛太郎,ﾘﾝﾀﾛｳ
翔空,ﾄｱ
琥太郎,ｺﾀﾛｳ
佑,ﾕｳ
悠成,ﾕｳｾｲ
尚飛,ﾅｵﾄ
航大,ｺｳﾀ
璃空,ﾘｸ
翔太,ｼｮｳﾀ
那緒,ﾅｵ
蒼楽,ｿﾗ
椿哉,ﾊﾙﾔ
捷人,ﾊﾔﾄ
天丸,ﾃﾝﾏﾙ
悠仁,ﾕｳｼﾞ
大介,ﾀﾞｲｽｹ
慶,ｹｲ
洵太,ｼｭﾝﾀ
陸人,ﾘｸﾄ
渚生,ｼｮｳ
慶士,ｹｲｼ
凌已,ﾘｮｳｲ
佳依,ｶｲ
将季,ﾏｻｷ
琉生,ﾘｭｳｾｲ
創介,ｿｳｽｹ
唯斗,ﾕｲﾄ
廉人,ﾚﾝﾄ
海成,ｶｲｾｲ
琥誠,ｺｳｾｲ
康希,ｺｳｷ
慎仁,ｼﾝｼﾞ
大斗,ﾋﾛﾄ
士臣,ｼｵﾝ
大心,ﾀｲｼﾝ
瑞樹,ﾐｽﾞｷ
迅哉,ｼﾞﾝﾔ
樹,ｲﾂｷ
心音,ｼｵﾝ
智紀,ﾄﾓｷ
優太,ﾕｳﾀ
健人,ｹﾝﾄ
壱徹,ｲｯﾃﾂ
瞬,ｼｭﾝ
倖典,ｺｳｽｹ
奏輔,ｿｳｽｹ
璃依也,ﾘｲﾔ
想,ｿｳ
紫恩,ｼｵﾝ
龍護,ﾘｭｳｺﾞ
優翔,ﾕｳﾄ
志世,ｼｾ
樹利,ｼｭﾘ
唯翔,ﾕｲﾄ
涼,ﾘｮｳ
仁,ｼﾞﾝ
稜央,ﾘｵ
瑠久斗,ﾘｸﾄ
知希,ﾄﾓｷ
頼飛,ﾗｲﾄ
礼哉,ﾕｷﾔ
朝陽,ｱｻﾋ
一颯,ｲﾌﾞｷ
我空,ｶﾞｸ
魁士,ｶｲｼ
兜真,ﾄｳﾏ
厚平,ｺｳﾍｲ
翔英,ｼｮｳｴｲ
公亮,ｺｳｽｹ
桂吾,ｹｲｺﾞ
圭吾,ｹｲｺﾞ
健流,ﾀｹﾙ
颯大,ﾊﾔﾄ
仁,ﾋﾄｼ
悠太,ﾕｳﾀ
健大,ｹﾝﾀ
凜,ﾘﾝ
大輝,ﾀﾞｲｷ
航平,ｺｳﾍｲ
亜津煌,ｱﾂｷ
尚紀,ﾅｵｷ
晴大,ﾊﾙﾀ
海里,ｶｲﾘ
陽,ﾋﾅﾀ
雄音,ﾕｳﾄ
佑人,ﾕｳﾄ
勇利,ﾕｳﾘ
悠吾,ﾕｳｺﾞ
準平,ｼﾞｭﾝﾍﾟｲ
慎治,ｼﾝｼﾞ
健太,ｹﾝﾀ
剣蔵,ｹﾝｿﾞｳ
希光,ﾉｿﾞﾐ
琉樹,ﾙｷ
孝太朗,ｺｳﾀﾛｳ
玖音,ｸｵﾝ
匠柾,ﾀｸﾏ
遥人,ﾊﾙﾄ
悠希,ﾕｳｷ
尊良,ﾀｶﾗ
俊輔,ｼｭﾝｽｹ
高栄,ｺｳｴｲ
裕斗,ﾋﾛﾄ
佳潤,ｶｼﾞｭﾝ
祐輔,ﾕｳｽｹ
勇斗,ﾕｳﾄ
那崇,ﾔｽﾀｶ
美波,ﾐﾅﾐ
暁士,ﾄｷﾄ
智哉,ﾄﾓﾔ
葵斗,ｱｵﾄ
駿,ｶｹﾙ
球真,ｷｭｳﾏ
和弘,ｶｽﾞﾋﾛ
翔大,ｼｮｳﾀ
至,ｲﾀﾙ
絢心,ｹﾝｼﾝ
太陽,ﾋﾅﾀ
雅人,ﾏｻﾄ
天真,ﾃﾝｼﾝ
来基,ﾗｲｷ
大輔,ﾀﾞｲｽｹ
育知,ｲｸﾄ
奏太,ｿｳﾀ
勇翔,ﾀｹﾙ
陽大,ｱｷﾋﾛ
成大,ﾅｵ
蒼生,ｱｵｲ
遼太,ﾘｮｳﾀ
英晃,ﾋﾃﾞｱｷ
竜己,ﾘｭｳｷ
樹生,ｲｯｾｲ
翔哉,ｼｮｳﾔ
暖人,ﾀﾞﾝﾄ
竣,ｼｭﾝ
大晴,ﾀｲｾｲ
龍祈,ﾘｭｳｷ
頼人,ﾗｲﾄ
友希,ﾕｳｷ
煌,ｺｳ
大和,ﾔﾏﾄ
史恩,ｼｵﾝ
晟了,ｾｲﾘｮｳ
陽希,ﾊﾙｷ
虎大朗,ｺﾀﾛｳ
優月,ﾕﾂﾞｷ
慎之助,ｼﾝﾉｽｹ
澪音,ﾚｵﾝ
蒼空,ｿﾗ
蓮,ﾚﾝ
悠斗,ﾕｳﾄ
春樹,ﾊﾙｷ
桜佑,ｵｳｽｹ
幸樹,ｺｳｷ
琉晟,ﾙｲｾｲ
業人,ﾅﾘﾄ
隆彰,ﾀｶｱｷ
悠真,ﾕｳﾏ
裕太,ﾕｳﾀ
聖,ｱｷﾗ
源貴,ｹﾞﾝｷ
裕稀,ﾕｳｷ
虎太郎,ｺﾀﾛｳ
遥,ﾊﾙｶ
敬将,ｹｲｽｹ
拓実,ﾀｸﾐ
惺,ｻﾄﾙ
千勝,ｾﾝｼｮｳ
大修,ﾀﾞｲｽｹ
昇俐,ｼｮｳﾘ
一,ﾊｼﾞﾒ
結翔,ﾕｲﾄ
光佑,ｺｳｽｹ
忠晴,ﾀﾀﾞﾊﾙ
睦樹,ﾑﾂｷ
柊斗,ｼｭｳﾄ
拓未,ﾀｸﾐ